-- MySQL Administrator dump 1.4
--
-- ------------------------------------------------------
-- Server version	5.5.16-log


/*!40101 SET @OLD_CHARACTER_SET_CLIENT=@@CHARACTER_SET_CLIENT */;
/*!40101 SET @OLD_CHARACTER_SET_RESULTS=@@CHARACTER_SET_RESULTS */;
/*!40101 SET @OLD_COLLATION_CONNECTION=@@COLLATION_CONNECTION */;
/*!40101 SET NAMES utf8 */;

/*!40014 SET @OLD_UNIQUE_CHECKS=@@UNIQUE_CHECKS, UNIQUE_CHECKS=0 */;
/*!40014 SET @OLD_FOREIGN_KEY_CHECKS=@@FOREIGN_KEY_CHECKS, FOREIGN_KEY_CHECKS=0 */;
/*!40101 SET @OLD_SQL_MODE=@@SQL_MODE, SQL_MODE='NO_AUTO_VALUE_ON_ZERO' */;


--
-- Create schema tivoli
--

CREATE DATABASE IF NOT EXISTS tivoli;
USE tivoli;

--
-- Definition of table `barrio`
--

DROP TABLE IF EXISTS `barrio`;
CREATE TABLE `barrio` (
  `barrio_id` int(10) unsigned NOT NULL AUTO_INCREMENT,
  `barrio_nombre` varchar(45) NOT NULL,
  `zona_id` int(10) unsigned NOT NULL,
  `barrio_precio` double NOT NULL,
  PRIMARY KEY (`barrio_id`),
  KEY `FK_barrio_1` (`zona_id`),
  CONSTRAINT `FK_barrio_1` FOREIGN KEY (`zona_id`) REFERENCES `zona` (`zona_id`) ON DELETE CASCADE ON UPDATE CASCADE
) ENGINE=InnoDB AUTO_INCREMENT=55 DEFAULT CHARSET=utf8;

--
-- Dumping data for table `barrio`
--

/*!40000 ALTER TABLE `barrio` DISABLE KEYS */;
INSERT INTO `barrio` (`barrio_id`,`barrio_nombre`,`zona_id`,`barrio_precio`) VALUES 
 (17,'Las flores',34,6000),
 (20,'Alfonso lopez',36,8000),
 (21,'El carmen',36,9000),
 (22,'Los andes',36,8000),
 (23,'Los pinos',36,8000),
 (24,'Pumarejo',36,9000),
 (25,'San isidro',36,8000),
 (26,'El poblado',35,6000),
 (27,'Altos de Riomar',47,6000),
 (28,'Los olivos',60,10000),
 (29,'La rivera',35,5000),
 (30,'Villa Santos',35,5000),
 (31,'Altos de riomar',47,5000),
 (32,'Altos del limoncito',47,5000),
 (33,'Andalucía',47,5000),
 (34,'El limoncito',47,5000),
 (35,'La floresta',47,5000),
 (36,'Las tres aves marías',47,5000),
 (37,'Paraiso',47,5000),
 (38,'Riomar',47,5000),
 (39,'San Salvador',47,6000),
 (40,'Santa mónica',47,5000),
 (41,'Siape',47,6000),
 (42,'Solaire',47,6000),
 (43,'Villa Carolina',47,5000),
 (44,'Villa del este',47,6000),
 (45,'Altamira',48,5000),
 (46,'Los nogales',48,5000),
 (47,'San Vicente',48,5000),
 (48,'El tabor',49,5000),
 (49,'Granadillo',49,5000),
 (50,'La campiña',48,5000),
 (51,'La cumbre',49,5000),
 (52,'Los alpes',49,5000),
 (53,'valler',35,3500),
 (54,'El hipódromo',79,12000);
/*!40000 ALTER TABLE `barrio` ENABLE KEYS */;


--
-- Definition of table `barrio2`
--

DROP TABLE IF EXISTS `barrio2`;
CREATE TABLE `barrio2` (
  `barrio_id` int(10) unsigned NOT NULL AUTO_INCREMENT,
  `barrio_nombre` varchar(100) NOT NULL,
  `barrio_precio` double NOT NULL,
  `municipio_id` int(10) unsigned NOT NULL,
  PRIMARY KEY (`barrio_id`)
) ENGINE=InnoDB AUTO_INCREMENT=2051 DEFAULT CHARSET=utf8;

--
-- Dumping data for table `barrio2`
--

/*!40000 ALTER TABLE `barrio2` DISABLE KEYS */;
INSERT INTO `barrio2` (`barrio_id`,`barrio_nombre`,`barrio_precio`,`municipio_id`) VALUES 
 (1899,'7 de agosto',5000,1),
 (1900,'Abajo',5000,1),
 (1901,' Alfonso López',5000,1),
 (1902,'Altamira',5000,1),
 (1903,'Altos de Riomar',5000,1),
 (1904,'Altos del Limón',5000,1),
 (1905,'Altos del Prado',5000,1),
 (1906,' América',5000,1),
 (1907,'Andalucía',5000,1),
 (1908,'Atlántico',5000,1),
 (1909,'Barlovento',5000,1),
 (1910,'Bella Arena',5000,1),
 (1911,'Bellavista',5000,1),
 (1912,'Betania',5000,1),
 (1913,'Boston',5000,1),
 (1914,'Boyac',5000,1),
 (1915,'Buena Esperanza',5000,1),
 (1916,'Buenos Aires',5000,1),
 (1917,'California',5000,1),
 (1918,'Campo Alegre',5000,1),
 (1919,'Carlos Meisel',5000,1),
 (1920,'Carrizal',5000,1),
 (1921,'Centro',5000,1),
 (1922,'Cevillar',5000,1),
 (1923,'Chiquinquirá',5000,1),
 (1924,'Ciudad Jardín',5000,1),
 (1925,'Ciudad Modesto',5000,1),
 (1926,'Ciudadela Veinte de Julio',5000,1),
 (1927,'Colombia',5000,1),
 (1928,'El Boliche',5000,1),
 (1929,'El Bosque',5000,1),
 (1930,'El Campito',5000,1),
 (1931,'El Carmen',5000,1),
 (1932,'El Castillo',5000,1),
 (1933,'El Country',5000,1),
 (1934,'El Ferry',5000,1),
 (1935,'El Golf',5000,1),
 (1936,'El Limón',5000,1),
 (1937,'El Poblado',5000,1),
 (1938,'El Porvenir',5000,1),
 (1939,'El Prado',5000,1),
 (1940,'El Pueblo',5000,1),
 (1941,'El Recreo',5000,1),
 (1942,'El Romance',5000,1),
 (1943,'El Rosario',5000,1),
 (1944,'El Santuario',5000,1),
 (1945,'El Silencio',5000,1),
 (1946,'El Tabor',5000,1),
 (1947,'El Tayrona',5000,1),
 (1948,'El Valle',5000,1),
 (1949,'Evaristo Sourdis',5000,1),
 (1950,'Granadillo',5000,1),
 (1951,'Jos',5000,1),
 (1952,'Kennedy',5000,1),
 (1953,'La Alboraya',5000,1),
 (1954,'La Campi',5000,1),
 (1955,'La Ceiba',5000,1),
 (1956,'La Chinita',5000,1),
 (1957,'La Concepción',5000,1),
 (1958,'La Cumbre',5000,1),
 (1959,'La Esmeralda',5000,1),
 (1960,'La Floresta',5000,1),
 (1961,'La Florida',5000,1),
 (1962,'La Gloria',5000,1),
 (1963,'La Libertad',5000,1),
 (1964,'La Luz',5000,1),
 (1965,'La Magdalena',5000,1),
 (1966,'La Manga',5000,1),
 (1967,'La Paz',5000,1),
 (1968,'La Pradera',5000,1),
 (1969,'La Sierra',5000,1),
 (1970,'La Sierrita',5000,1),
 (1971,'La Uni',5000,1),
 (1972,'La Victoria',5000,1),
 (1973,'Las Américas',5000,1),
 (1974,'Las Colinas',5000,1),
 (1975,'Las Delicias',5000,1),
 (1976,'Las Dunas',5000,1),
 (1977,'Las Estrellas',5000,1),
 (1978,'Las Flores',5000,1),
 (1979,'Las Granjas',5000,1),
 (1980,'Las Malvinas',5000,1),
 (1981,'Las Mercedes',5000,1),
 (1982,'Las Nieves',5000,1),
 (1983,'Las Palmas',5000,1),
 (1984,'Las Terrazas',5000,1),
 (1985,'Lipaya',5000,1),
 (1986,'Loma Fresca',5000,1),
 (1987,'Los Alpes',5000,1),
 (1988,'Los Andes',5000,1),
 (1989,'Los Continentes',5000,1),
 (1990,'Los Angeles',5000,1),
 (1991,'Los Jobos',5000,1),
 (1992,'Los Corales',5000,1),
 (1993,'Los Nogales',5000,1),
 (1994,'Los Olivos',5000,1),
 (1995,'Los Pinos',5000,1),
 (1996,'Los Rosales',5000,1),
 (1997,'Los Trupillos',5000,1),
 (1998,'Lucero',5000,1),
 (1999,'Mequejo',5000,1),
 (2000,'Miramar',5000,1),
 (2001,'Modelo',5000,1),
 (2002,'Montecristo',5000,1),
 (2003,'Montes',5000,1),
 (2004,'Nueva Colombia',5000,1),
 (2005,'Nueva Granada',5000,1),
 (2006,'Nuevo Horizonte',5000,1),
 (2007,'Olaya',5000,1),
 (2008,'PASADENA',5000,1),
 (2009,'Para',5000,1),
 (2010,'Por Fin',5000,1),
 (2011,'Pumarejo',5000,1),
 (2012,'Realengo',5000,1),
 (2013,'Rebolo',5000,1),
 (2014,'Riomar',5000,1),
 (2015,'San Felipe',5000,1),
 (2016,'San Francisco',5000,1),
 (2017,'San Isidro',5000,1),
 (2018,'San José',5000,1),
 (2019,'San Luis',5000,1),
 (2020,'San Nicolás',5000,1),
 (2021,'San Pedro',5000,1),
 (2022,'San Roque',5000,1),
 (2023,'San Vicente',5000,1),
 (2024,'Santa Ana',5000,1),
 (2025,'Santa Helena',5000,1),
 (2026,'Santa Mar',5000,1),
 (2027,'Santa María',5000,1),
 (2028,'Santo Domingo',5000,1),
 (2029,'Santo Domingo de Guzm',5000,1),
 (2030,'Siape',5000,1),
 (2031,'Siete de Abril',5000,1),
 (2032,'Simón Bolivar',5000,1),
 (2033,'Solaire',5000,1),
 (2034,'Universal',5000,1),
 (2035,'Veinte de Julio',5000,1),
 (2036,'Villa Blanca',5000,1),
 (2037,'Villa Campestre',5000,1),
 (2038,'Villa Carolina',5000,1),
 (2039,'Villa del Este',5000,1),
 (2040,'Villa del Rosario',5000,1),
 (2041,'Villa Flor',5000,1),
 (2042,'Villa San Pedro',5000,1),
 (2043,'Villa Santos',5000,1),
 (2044,'Villate',5000,1),
 (2045,'San Salvador',5000,1),
 (2046,'SAN PEDRO ALEJANDRINO',5000,1),
 (2047,'EL LIMONCITO',5000,1),
 (2048,'TRES AVES MARIA',5000,1),
 (2049,'BARRNQUILLITA',5000,1),
 (2050,'ZONA NEGRA',5000,1);
/*!40000 ALTER TABLE `barrio2` ENABLE KEYS */;


--
-- Definition of table `barrio_calle`
--

DROP TABLE IF EXISTS `barrio_calle`;
CREATE TABLE `barrio_calle` (
  `barrio_id` int(10) unsigned NOT NULL AUTO_INCREMENT,
  `calle_id` int(10) unsigned NOT NULL,
  PRIMARY KEY (`barrio_id`,`calle_id`),
  KEY `FK_barrio_calle_2` (`calle_id`),
  CONSTRAINT `FK_barrio_calle_2` FOREIGN KEY (`calle_id`) REFERENCES `calle2` (`calle_id`) ON DELETE CASCADE ON UPDATE CASCADE,
  CONSTRAINT `FK_barrio_calle_1` FOREIGN KEY (`barrio_id`) REFERENCES `barrio2` (`barrio_id`) ON DELETE CASCADE ON UPDATE CASCADE
) ENGINE=InnoDB AUTO_INCREMENT=1938 DEFAULT CHARSET=utf8;

--
-- Dumping data for table `barrio_calle`
--

/*!40000 ALTER TABLE `barrio_calle` DISABLE KEYS */;
INSERT INTO `barrio_calle` (`barrio_id`,`calle_id`) VALUES 
 (1899,153),
 (1899,154),
 (1899,155),
 (1900,156),
 (1900,157),
 (1900,158),
 (1900,159),
 (1900,160),
 (1900,161),
 (1900,162),
 (1900,163),
 (1900,164),
 (1900,165),
 (1900,166),
 (1900,167),
 (1900,168),
 (1900,169),
 (1900,170),
 (1900,171),
 (1900,172),
 (1900,173),
 (1900,174),
 (1901,175),
 (1901,176),
 (1901,177),
 (1901,178),
 (1901,179),
 (1901,180),
 (1901,181),
 (1901,182),
 (1901,183),
 (1901,184),
 (1902,185),
 (1902,186),
 (1903,187),
 (1903,188),
 (1903,189),
 (1903,190),
 (1903,191),
 (1903,192),
 (1903,193),
 (1903,194),
 (1904,195),
 (1904,196),
 (1904,197),
 (1904,198),
 (1904,199),
 (1904,200),
 (1905,201),
 (1905,202),
 (1906,203),
 (1906,204),
 (1906,205),
 (1906,206),
 (1906,207),
 (1906,208),
 (1906,209),
 (1906,210),
 (1907,211),
 (1907,212),
 (1907,213),
 (1907,214),
 (1907,215),
 (1907,216),
 (1908,217),
 (1908,218),
 (1908,219),
 (1908,220),
 (1908,221),
 (1908,222),
 (1908,223),
 (1909,224),
 (1909,225),
 (1909,226),
 (1909,227),
 (1909,228),
 (1909,229),
 (1909,230),
 (1909,231),
 (1909,232),
 (1909,233),
 (1909,234),
 (1909,235),
 (1910,236),
 (1910,237),
 (1910,238),
 (1910,239),
 (1911,240),
 (1911,241),
 (1911,242),
 (1912,243),
 (1912,244),
 (1912,245),
 (1912,246),
 (1912,247),
 (1913,248),
 (1913,249),
 (1913,250),
 (1913,251),
 (1913,252),
 (1913,253),
 (1913,254),
 (1913,255),
 (1913,256),
 (1913,257),
 (1913,258),
 (1913,259),
 (1913,260),
 (1913,261),
 (1914,262),
 (1914,263),
 (1914,264),
 (1914,265),
 (1914,266),
 (1914,267),
 (1914,268),
 (1915,269),
 (1915,270),
 (1916,271),
 (1916,272),
 (1916,273),
 (1916,274),
 (1916,275),
 (1917,276),
 (1917,277),
 (1917,278),
 (1917,279),
 (1917,280),
 (1917,281),
 (1917,282),
 (1917,283),
 (1917,284),
 (1917,285),
 (1917,286),
 (1918,287),
 (1918,288),
 (1918,289),
 (1918,290),
 (1918,291),
 (1918,292),
 (1918,293),
 (1918,294),
 (1918,295),
 (1919,296),
 (1919,297),
 (1919,298),
 (1919,299),
 (1919,300),
 (1919,301),
 (1919,302),
 (1919,303),
 (1919,304),
 (1919,305),
 (1919,306),
 (1920,307),
 (1920,308),
 (1920,309),
 (1921,310),
 (1921,311),
 (1921,312),
 (1921,313),
 (1921,314),
 (1921,315),
 (1921,316),
 (1921,317),
 (1922,318),
 (1922,319),
 (1923,320),
 (1923,321),
 (1923,322),
 (1923,323),
 (1923,324),
 (1923,325),
 (1923,326),
 (1923,327),
 (1923,328),
 (1923,329),
 (1923,330),
 (1924,331),
 (1924,332),
 (1924,333),
 (1924,334),
 (1924,335),
 (1924,336),
 (1924,337),
 (1924,338),
 (1924,339),
 (1925,340),
 (1925,341),
 (1925,342),
 (1925,343),
 (1925,344),
 (1925,345),
 (1925,346),
 (1925,347),
 (1925,348),
 (1925,349),
 (1925,350),
 (1925,351),
 (1925,352),
 (1925,353),
 (1925,354),
 (1926,355),
 (1926,356),
 (1926,357),
 (1926,358),
 (1926,359),
 (1927,360),
 (1927,361),
 (1927,362),
 (1927,363),
 (1927,364),
 (1927,365),
 (1928,366),
 (1928,367),
 (1928,368),
 (1928,369),
 (1928,370),
 (1928,371),
 (1928,372),
 (1928,373),
 (1928,374),
 (1928,375),
 (1928,376),
 (1928,377),
 (1928,378),
 (1928,379),
 (1928,380),
 (1928,381),
 (1928,382),
 (1928,383),
 (1928,384),
 (1928,385),
 (1928,386),
 (1928,387),
 (1928,388),
 (1928,389),
 (1928,390),
 (1928,391),
 (1928,392),
 (1928,393),
 (1928,394),
 (1928,395),
 (1928,396),
 (1928,397),
 (1928,398),
 (1928,399),
 (1928,400),
 (1928,401),
 (1928,402),
 (1928,403),
 (1928,404),
 (1928,405),
 (1928,406),
 (1928,407),
 (1928,408),
 (1928,409),
 (1929,410),
 (1929,411),
 (1929,412),
 (1929,413),
 (1929,414),
 (1929,415),
 (1929,416),
 (1929,417),
 (1929,418),
 (1929,419),
 (1929,420),
 (1929,421),
 (1929,422),
 (1929,423),
 (1929,424),
 (1929,425),
 (1929,426),
 (1929,427),
 (1929,428),
 (1929,429),
 (1929,430),
 (1929,431),
 (1929,432),
 (1929,433),
 (1929,434),
 (1929,435),
 (1929,436),
 (1929,437),
 (1929,438),
 (1929,439),
 (1929,440),
 (1929,441),
 (1929,442),
 (1929,443),
 (1929,444),
 (1929,445),
 (1929,446),
 (1929,447),
 (1929,448),
 (1929,449),
 (1929,450),
 (1929,451),
 (1929,452),
 (1929,453),
 (1929,454),
 (1929,455),
 (1929,456),
 (1929,457),
 (1929,458),
 (1929,459),
 (1929,460),
 (1929,461),
 (1929,462),
 (1929,463),
 (1929,464),
 (1929,465),
 (1929,466),
 (1929,467),
 (1929,468),
 (1929,469),
 (1929,470),
 (1929,471),
 (1929,472),
 (1929,473),
 (1929,474),
 (1929,475),
 (1929,476),
 (1929,477),
 (1929,478),
 (1929,479),
 (1929,480),
 (1929,481),
 (1929,482),
 (1929,483),
 (1929,484),
 (1929,485),
 (1929,486),
 (1929,487),
 (1929,488),
 (1929,489),
 (1929,490),
 (1929,491),
 (1929,492),
 (1929,493),
 (1929,494),
 (1929,495),
 (1929,496),
 (1929,497),
 (1929,498),
 (1929,499),
 (1929,500),
 (1929,501),
 (1929,502),
 (1929,503),
 (1929,504),
 (1929,505),
 (1929,506),
 (1929,507),
 (1929,508),
 (1929,509),
 (1929,510),
 (1929,511),
 (1929,512),
 (1929,513),
 (1929,514),
 (1929,515),
 (1929,516),
 (1929,517),
 (1929,518),
 (1929,519),
 (1929,520),
 (1929,521),
 (1929,522),
 (1929,523),
 (1929,524),
 (1929,525),
 (1929,526),
 (1929,527),
 (1929,528),
 (1929,529),
 (1929,530),
 (1929,531),
 (1929,532),
 (1929,533),
 (1929,534),
 (1929,535),
 (1929,536),
 (1929,537),
 (1929,538),
 (1929,539),
 (1929,540),
 (1929,541),
 (1929,542),
 (1929,543),
 (1929,544),
 (1929,545),
 (1929,546),
 (1929,547),
 (1929,548),
 (1929,549),
 (1930,550),
 (1930,551),
 (1930,552),
 (1930,553),
 (1931,554),
 (1931,555),
 (1931,556),
 (1931,557),
 (1931,558),
 (1931,559),
 (1931,560),
 (1931,561),
 (1931,562),
 (1931,563),
 (1932,564),
 (1932,565),
 (1932,566),
 (1933,567),
 (1933,568),
 (1933,569),
 (1934,570),
 (1934,571),
 (1934,572),
 (1934,573),
 (1934,574),
 (1934,575),
 (1934,576),
 (1934,577),
 (1935,578),
 (1935,579),
 (1935,580),
 (1936,581),
 (1936,582),
 (1936,583),
 (1936,584),
 (1937,585),
 (1937,586),
 (1937,587),
 (1937,588),
 (1937,589);
/*!40000 ALTER TABLE `barrio_calle` ENABLE KEYS */;


--
-- Definition of table `barrio_carrera`
--

DROP TABLE IF EXISTS `barrio_carrera`;
CREATE TABLE `barrio_carrera` (
  `barrio_id` int(10) unsigned NOT NULL AUTO_INCREMENT,
  `carrera_id` int(10) unsigned NOT NULL,
  PRIMARY KEY (`barrio_id`,`carrera_id`),
  KEY `FK_barrio_carrera_2` (`carrera_id`),
  CONSTRAINT `FK_barrio_carrera_2` FOREIGN KEY (`carrera_id`) REFERENCES `carrera2` (`carrera_id`) ON DELETE CASCADE ON UPDATE CASCADE,
  CONSTRAINT `FK_barrio_carrera_1` FOREIGN KEY (`barrio_id`) REFERENCES `barrio2` (`barrio_id`) ON DELETE CASCADE ON UPDATE CASCADE
) ENGINE=InnoDB AUTO_INCREMENT=1938 DEFAULT CHARSET=utf8;

--
-- Dumping data for table `barrio_carrera`
--

/*!40000 ALTER TABLE `barrio_carrera` DISABLE KEYS */;
INSERT INTO `barrio_carrera` (`barrio_id`,`carrera_id`) VALUES 
 (1899,113),
 (1899,114),
 (1899,115),
 (1899,116),
 (1899,117),
 (1900,118),
 (1900,119),
 (1900,120),
 (1900,121),
 (1900,122),
 (1900,123),
 (1900,124),
 (1900,125),
 (1900,126),
 (1901,127),
 (1901,128),
 (1901,129),
 (1902,130),
 (1902,131),
 (1902,132),
 (1902,133),
 (1902,134),
 (1902,135),
 (1903,136),
 (1903,137),
 (1903,138),
 (1903,139),
 (1903,140),
 (1903,141),
 (1903,142),
 (1903,143),
 (1903,144),
 (1903,145),
 (1903,146),
 (1903,147),
 (1903,148),
 (1904,149),
 (1904,150),
 (1904,151),
 (1904,152),
 (1905,153),
 (1905,154),
 (1905,155),
 (1905,156),
 (1905,157),
 (1905,158),
 (1905,159),
 (1905,160),
 (1906,161),
 (1906,162),
 (1906,163),
 (1906,164),
 (1906,165),
 (1907,166),
 (1907,167),
 (1907,168),
 (1907,169),
 (1907,170),
 (1907,171),
 (1907,172),
 (1907,173),
 (1907,174),
 (1907,175),
 (1907,176),
 (1907,177),
 (1907,178),
 (1908,179),
 (1908,180),
 (1908,181),
 (1908,182),
 (1909,183),
 (1909,184),
 (1909,185),
 (1909,186),
 (1909,187),
 (1909,188),
 (1910,189),
 (1910,190),
 (1911,191),
 (1911,192),
 (1911,193),
 (1911,194),
 (1911,195),
 (1911,196),
 (1911,197),
 (1911,198),
 (1911,199),
 (1911,200),
 (1911,201),
 (1911,202),
 (1911,203),
 (1911,204),
 (1911,205),
 (1912,206),
 (1912,207),
 (1912,208),
 (1912,209),
 (1913,210),
 (1913,211),
 (1913,212),
 (1913,213),
 (1913,214),
 (1913,215),
 (1913,216),
 (1913,217),
 (1914,218),
 (1914,219),
 (1914,220),
 (1914,221),
 (1914,222),
 (1915,223),
 (1915,224),
 (1915,225),
 (1915,226),
 (1915,227),
 (1915,228),
 (1915,229),
 (1915,230),
 (1915,231),
 (1916,232),
 (1916,233),
 (1916,234),
 (1916,235),
 (1917,236),
 (1917,237),
 (1918,238),
 (1918,239),
 (1918,240),
 (1918,241),
 (1918,242),
 (1919,243),
 (1919,244),
 (1919,245),
 (1919,246),
 (1920,247),
 (1920,248),
 (1920,249),
 (1921,250),
 (1921,251),
 (1921,252),
 (1921,253),
 (1921,254),
 (1921,255),
 (1921,256),
 (1921,257),
 (1921,258),
 (1922,259),
 (1922,260),
 (1922,261),
 (1922,262),
 (1922,263),
 (1922,264),
 (1923,265),
 (1923,266),
 (1923,267),
 (1923,268),
 (1923,269),
 (1923,270),
 (1923,271),
 (1923,272),
 (1924,273),
 (1924,274),
 (1924,275),
 (1924,276),
 (1925,277),
 (1925,278),
 (1926,279),
 (1926,280),
 (1926,281),
 (1927,282),
 (1927,283),
 (1927,284),
 (1927,285),
 (1928,286),
 (1928,287),
 (1928,288),
 (1928,289),
 (1929,290),
 (1929,291),
 (1929,292),
 (1930,293),
 (1930,294),
 (1930,295),
 (1931,296),
 (1931,297),
 (1931,298),
 (1931,299),
 (1931,300),
 (1931,301),
 (1932,302),
 (1932,303),
 (1932,304),
 (1932,305),
 (1932,306),
 (1932,307),
 (1932,308),
 (1932,309),
 (1932,310),
 (1932,311),
 (1932,312),
 (1932,313),
 (1932,314),
 (1932,315),
 (1933,316),
 (1933,317),
 (1933,318),
 (1933,319),
 (1933,320),
 (1933,321),
 (1933,322),
 (1933,323),
 (1934,324),
 (1934,325),
 (1934,326),
 (1934,327),
 (1934,328),
 (1934,329),
 (1934,330),
 (1935,331),
 (1935,332),
 (1935,333),
 (1935,334),
 (1935,335),
 (1935,336),
 (1935,337),
 (1935,338),
 (1936,339),
 (1936,340),
 (1936,341),
 (1937,342),
 (1937,343),
 (1937,344),
 (1937,345),
 (1937,346),
 (1937,347);
/*!40000 ALTER TABLE `barrio_carrera` ENABLE KEYS */;


--
-- Definition of table `calle`
--

DROP TABLE IF EXISTS `calle`;
CREATE TABLE `calle` (
  `calle_id` int(10) unsigned NOT NULL AUTO_INCREMENT,
  `calle_nro` int(10) unsigned NOT NULL,
  `zona_id` int(10) unsigned NOT NULL,
  PRIMARY KEY (`calle_id`),
  KEY `FK_calle_1` (`zona_id`),
  CONSTRAINT `FK_calle_1` FOREIGN KEY (`zona_id`) REFERENCES `zona` (`zona_id`) ON DELETE CASCADE ON UPDATE CASCADE
) ENGINE=InnoDB AUTO_INCREMENT=1026 DEFAULT CHARSET=utf8;

--
-- Dumping data for table `calle`
--

/*!40000 ALTER TABLE `calle` DISABLE KEYS */;
INSERT INTO `calle` (`calle_id`,`calle_nro`,`zona_id`) VALUES 
 (23,85,34),
 (24,86,34),
 (25,87,34),
 (26,88,34),
 (27,89,34),
 (28,90,34),
 (29,91,34),
 (30,92,34),
 (31,93,34),
 (32,94,34),
 (33,95,34),
 (34,96,34),
 (35,97,34),
 (36,98,34),
 (37,99,34),
 (38,100,34),
 (39,101,34),
 (40,102,34),
 (41,103,34),
 (42,104,34),
 (43,105,34),
 (44,106,34),
 (45,107,34),
 (46,108,34),
 (47,109,34),
 (48,110,34),
 (49,111,34),
 (50,112,34),
 (51,113,34),
 (52,114,34),
 (53,115,34),
 (54,116,34),
 (55,117,34),
 (56,118,34),
 (57,119,34),
 (58,120,34),
 (59,93,35),
 (60,94,35),
 (61,95,35),
 (62,96,35),
 (63,97,35),
 (64,98,35),
 (65,99,35),
 (66,100,35),
 (67,101,35),
 (68,102,35),
 (69,103,35),
 (70,104,35),
 (71,105,35),
 (72,106,35),
 (73,107,35),
 (74,108,35),
 (75,109,35),
 (76,45,36),
 (77,46,36),
 (78,47,36),
 (79,48,36),
 (80,49,36),
 (81,50,36),
 (82,51,36),
 (83,52,36),
 (84,53,36),
 (85,54,36),
 (86,55,36),
 (87,56,36),
 (88,57,36),
 (89,58,36),
 (90,59,36),
 (91,60,36),
 (92,61,36),
 (93,62,36),
 (94,63,36),
 (104,0,46),
 (105,80,47),
 (106,81,47),
 (107,82,47),
 (108,83,47),
 (109,84,47),
 (110,85,47),
 (111,86,47),
 (112,87,47),
 (113,88,47),
 (114,89,47),
 (115,90,47),
 (116,91,47),
 (117,92,47),
 (118,93,47),
 (119,94,47),
 (120,95,47),
 (121,96,47),
 (122,97,47),
 (123,98,47),
 (124,99,47),
 (125,100,47),
 (126,101,47),
 (127,102,47),
 (128,103,47),
 (129,104,47),
 (130,105,47),
 (131,106,47),
 (132,107,47),
 (133,108,47),
 (134,109,47),
 (135,84,48),
 (136,85,48),
 (137,86,48),
 (138,87,48),
 (139,88,48),
 (140,89,48),
 (141,90,48),
 (142,91,48),
 (143,92,48),
 (144,84,49),
 (145,85,49),
 (146,86,49),
 (147,87,49),
 (148,88,49),
 (149,89,49),
 (150,90,49),
 (151,91,49),
 (152,92,49),
 (153,93,49),
 (154,94,49),
 (155,95,49),
 (156,96,49),
 (157,97,49),
 (158,98,49),
 (159,99,49),
 (160,100,49),
 (161,101,49),
 (162,102,49),
 (163,103,49),
 (164,104,49),
 (165,105,49),
 (166,106,49),
 (167,107,49),
 (168,108,49),
 (169,109,49),
 (170,77,50),
 (171,78,50),
 (172,79,50),
 (173,80,50),
 (174,81,50),
 (175,82,50),
 (176,83,50),
 (177,64,51),
 (178,65,51),
 (179,66,51),
 (180,67,51),
 (181,68,51),
 (182,69,51),
 (183,70,51),
 (184,71,51),
 (185,72,51),
 (186,73,51),
 (187,74,51),
 (188,75,51),
 (189,76,51),
 (190,77,52),
 (191,78,52),
 (192,79,52),
 (193,77,53),
 (194,78,53),
 (195,79,53),
 (211,58,55),
 (212,59,55),
 (213,60,55),
 (214,61,55),
 (215,62,55),
 (216,63,55),
 (217,30,56),
 (218,31,56),
 (219,32,56),
 (220,33,56),
 (221,34,56),
 (222,35,56),
 (223,36,56),
 (224,37,56),
 (225,38,56),
 (226,39,56),
 (227,40,56),
 (228,41,56),
 (229,42,56),
 (230,43,56),
 (231,44,56),
 (232,45,56),
 (233,46,56),
 (234,47,56),
 (235,48,56),
 (236,49,56),
 (237,50,56),
 (238,51,56),
 (239,52,56),
 (240,53,56),
 (241,54,56),
 (242,55,56),
 (243,56,56),
 (244,57,56),
 (245,17,57),
 (246,18,57),
 (247,19,57),
 (248,20,57),
 (249,21,57),
 (250,22,57),
 (251,23,57),
 (252,24,57),
 (253,25,57),
 (254,26,57),
 (255,27,57),
 (256,28,57),
 (257,29,57),
 (258,30,57),
 (259,31,57),
 (260,32,57),
 (261,33,57),
 (262,34,57),
 (263,35,57),
 (264,36,57),
 (265,37,57),
 (294,81,59),
 (295,82,59),
 (296,83,59),
 (297,84,59),
 (298,85,59),
 (299,86,59),
 (300,87,59),
 (301,88,59),
 (302,89,59),
 (303,90,59),
 (304,91,59),
 (305,92,59),
 (306,93,59),
 (307,94,59),
 (308,95,59),
 (309,96,59),
 (310,97,59),
 (311,98,59),
 (312,99,59),
 (313,100,59),
 (314,101,59),
 (315,102,59),
 (316,103,59),
 (317,104,59),
 (318,105,59),
 (319,106,59),
 (320,107,59),
 (321,108,59),
 (322,109,59),
 (323,110,59),
 (324,64,60),
 (325,65,60),
 (326,66,60),
 (327,67,60),
 (328,68,60),
 (329,69,60),
 (330,70,60),
 (331,71,60),
 (332,72,60),
 (333,73,60),
 (334,64,61),
 (335,65,61),
 (336,66,61),
 (337,67,61),
 (338,68,61),
 (339,69,61),
 (340,70,61),
 (341,71,61),
 (342,72,61),
 (343,73,61),
 (344,74,61),
 (345,75,61),
 (346,76,61),
 (347,77,61),
 (348,78,61),
 (349,79,61),
 (350,80,61),
 (351,81,62),
 (352,82,62),
 (353,83,62),
 (354,84,62),
 (355,85,62),
 (356,86,62),
 (357,87,63),
 (358,88,63),
 (359,89,63),
 (360,90,63),
 (361,91,63),
 (362,92,63),
 (363,93,63),
 (364,94,63),
 (365,95,63),
 (366,96,63),
 (367,97,63),
 (368,98,63),
 (369,99,63),
 (370,100,63),
 (371,101,63),
 (372,102,63),
 (373,103,63),
 (374,104,63),
 (375,105,63),
 (376,106,63),
 (377,107,63),
 (378,108,63),
 (379,109,63),
 (380,110,64),
 (381,111,64),
 (382,112,64),
 (383,113,64),
 (384,114,64),
 (385,115,64),
 (386,116,64),
 (387,117,64),
 (388,118,64),
 (389,119,64),
 (390,120,64),
 (391,121,64),
 (392,122,64),
 (393,123,64),
 (394,57,65),
 (395,58,65),
 (396,59,65),
 (397,60,65),
 (398,61,65),
 (399,62,65),
 (400,63,65),
 (401,64,65),
 (402,65,65),
 (403,66,65),
 (404,67,65),
 (405,68,65),
 (406,69,65),
 (407,70,65),
 (408,71,65),
 (409,72,65),
 (410,73,65),
 (411,74,65),
 (412,75,65),
 (413,76,65),
 (414,77,65),
 (415,78,65),
 (416,79,65),
 (417,80,65),
 (418,81,66),
 (419,82,66),
 (420,83,66),
 (421,84,66),
 (422,85,66),
 (423,86,66),
 (424,87,66),
 (425,88,66),
 (426,89,66),
 (427,90,66),
 (428,91,66),
 (429,92,66),
 (430,93,66),
 (431,94,66),
 (432,95,66),
 (433,96,66),
 (434,97,66),
 (435,98,66),
 (436,99,66),
 (437,100,66),
 (438,101,66),
 (439,102,66),
 (440,103,66),
 (441,104,66),
 (442,105,66),
 (443,106,66),
 (444,107,66),
 (445,108,66),
 (446,109,66),
 (447,56,67),
 (448,57,67),
 (449,58,67),
 (450,59,67),
 (451,60,67),
 (452,61,67),
 (453,62,67),
 (454,63,67),
 (455,64,67),
 (456,65,67),
 (457,66,67),
 (458,67,67),
 (459,68,67),
 (460,69,67),
 (461,70,67),
 (462,71,67),
 (463,72,67),
 (464,73,67),
 (465,74,67),
 (466,75,67),
 (467,76,67),
 (468,77,67),
 (469,78,67),
 (470,79,67),
 (471,80,67),
 (484,30,69),
 (485,31,69),
 (486,32,69),
 (487,33,69),
 (488,34,69),
 (489,35,69),
 (490,36,69),
 (491,37,69),
 (492,38,69),
 (493,39,69),
 (494,40,69),
 (495,41,69),
 (496,42,69),
 (497,43,69),
 (498,44,69),
 (514,45,71),
 (515,46,71),
 (516,47,71),
 (517,48,71),
 (518,49,71),
 (519,50,71),
 (520,51,71),
 (521,52,71),
 (522,53,71),
 (523,54,71),
 (524,55,71),
 (525,56,71),
 (526,30,72),
 (527,31,72),
 (528,32,72),
 (529,33,72),
 (530,34,72),
 (531,35,72),
 (532,36,72),
 (533,37,72),
 (534,38,72),
 (535,39,72),
 (536,40,72),
 (537,41,72),
 (538,42,72),
 (539,43,72),
 (540,44,72),
 (541,30,73),
 (542,31,73),
 (543,32,73),
 (544,33,73),
 (545,34,73),
 (546,35,73),
 (547,36,73),
 (548,37,73),
 (549,38,73),
 (550,39,73),
 (551,40,73),
 (552,41,73),
 (553,42,73),
 (554,43,73),
 (555,44,73),
 (556,81,74),
 (557,82,74),
 (558,83,74),
 (559,84,74),
 (560,85,74),
 (561,86,74),
 (562,87,74),
 (563,88,74),
 (564,89,74),
 (565,90,74),
 (566,91,74),
 (567,92,74),
 (568,93,74),
 (569,94,74),
 (570,95,74),
 (571,96,74),
 (572,97,74),
 (573,98,74),
 (574,99,74),
 (575,100,74),
 (576,101,74),
 (577,102,74),
 (578,103,74),
 (579,104,74),
 (580,105,74),
 (581,106,74),
 (582,107,74),
 (583,108,74),
 (584,109,74),
 (585,50,75),
 (586,51,75),
 (587,52,75),
 (588,53,75),
 (589,54,75),
 (590,55,75),
 (591,56,75),
 (592,57,75),
 (593,58,75),
 (594,59,75),
 (595,60,75),
 (596,61,75),
 (597,62,75),
 (598,63,75),
 (599,64,75),
 (600,65,75),
 (601,66,75),
 (602,67,75),
 (603,68,75),
 (604,69,75),
 (605,70,75),
 (606,71,75),
 (607,72,75),
 (608,73,75),
 (609,74,75),
 (610,75,75),
 (611,76,75),
 (612,77,75),
 (613,78,75),
 (614,79,75),
 (615,80,75),
 (616,50,76),
 (617,51,76),
 (618,52,76),
 (619,53,76),
 (620,54,76),
 (621,55,76),
 (622,56,76),
 (623,57,76),
 (624,58,76),
 (625,59,76),
 (626,60,76),
 (627,61,76),
 (628,62,76),
 (629,63,76),
 (630,64,76),
 (631,65,76),
 (632,66,76),
 (633,67,76),
 (634,68,76),
 (635,69,76),
 (636,70,76),
 (637,71,76),
 (638,72,76),
 (639,73,76),
 (640,74,76),
 (641,75,76),
 (642,76,76),
 (643,77,76),
 (644,78,76),
 (645,79,76),
 (646,80,76),
 (647,81,76),
 (648,82,76),
 (649,83,76),
 (650,84,76),
 (651,85,76),
 (652,86,76),
 (653,87,76),
 (654,88,76),
 (655,89,76),
 (656,90,76),
 (657,91,76),
 (658,92,76),
 (659,93,76),
 (660,94,76),
 (661,95,76),
 (662,96,76),
 (663,97,76),
 (664,98,76),
 (665,99,76),
 (666,100,76),
 (667,101,76),
 (668,102,76),
 (669,103,76),
 (670,104,76),
 (671,105,76),
 (672,106,76),
 (673,107,76),
 (674,108,76),
 (675,109,76),
 (676,17,77),
 (677,18,77),
 (678,19,77),
 (679,20,77),
 (680,21,77),
 (681,22,77),
 (682,23,77),
 (683,24,77),
 (684,25,77),
 (685,26,77),
 (686,27,77),
 (687,28,77),
 (688,29,77),
 (689,2,78),
 (690,3,78),
 (691,4,78),
 (692,5,78),
 (693,6,78),
 (694,7,78),
 (695,8,78),
 (696,9,78),
 (697,10,78),
 (698,11,78),
 (699,12,78),
 (700,13,78),
 (701,14,78),
 (702,15,78),
 (703,16,78),
 (704,17,78),
 (705,18,78),
 (706,19,78),
 (707,20,78),
 (708,21,78),
 (709,22,78),
 (710,23,78),
 (711,24,78),
 (712,25,78),
 (713,26,78),
 (714,27,78),
 (715,28,78),
 (716,29,78),
 (717,1,79),
 (718,2,79),
 (719,3,79),
 (720,4,79),
 (721,5,79),
 (722,6,79),
 (723,7,79),
 (724,8,79),
 (725,9,79),
 (726,10,79),
 (727,11,79),
 (728,12,79),
 (729,13,79),
 (730,14,79),
 (731,15,79),
 (732,16,79),
 (733,17,79),
 (734,18,79),
 (735,19,79),
 (736,20,79),
 (737,21,79),
 (738,22,79),
 (739,23,79),
 (740,24,79),
 (741,25,79),
 (742,26,79),
 (743,27,79),
 (744,28,79),
 (745,29,79),
 (746,30,79),
 (747,1,80),
 (748,2,80),
 (749,3,80),
 (750,4,80),
 (751,5,80),
 (752,6,80),
 (753,7,80),
 (754,8,80),
 (755,9,80),
 (756,10,80),
 (757,11,80),
 (758,12,80),
 (759,13,80),
 (760,14,80),
 (761,15,80),
 (762,16,80),
 (763,17,80),
 (764,18,80),
 (765,19,80),
 (766,20,80),
 (767,21,80),
 (768,22,80),
 (769,23,80),
 (770,24,80),
 (771,25,80),
 (772,26,80),
 (773,27,80),
 (774,28,80),
 (775,29,80),
 (776,30,80),
 (777,30,81),
 (778,31,81),
 (779,32,81),
 (780,33,81),
 (781,34,81),
 (782,35,81),
 (783,36,81),
 (784,37,81),
 (785,38,81),
 (786,39,81),
 (787,40,81),
 (788,41,81),
 (789,42,81),
 (790,43,81),
 (791,44,81),
 (792,45,81),
 (793,46,81),
 (794,47,81),
 (795,48,81),
 (796,49,81),
 (797,50,81),
 (798,51,81),
 (799,52,81),
 (800,53,81),
 (801,54,81),
 (802,55,81),
 (803,56,81),
 (804,57,81),
 (805,58,81),
 (806,59,81),
 (807,60,81),
 (808,61,81),
 (809,62,81),
 (810,63,81),
 (811,30,82),
 (812,31,82),
 (813,32,82),
 (814,33,82),
 (815,34,82),
 (816,35,82),
 (817,36,82),
 (818,37,82),
 (819,38,82),
 (820,39,82),
 (821,40,82),
 (822,41,82),
 (823,42,82),
 (824,43,82),
 (825,44,82),
 (826,45,82),
 (827,46,82),
 (828,47,82),
 (829,48,82),
 (830,49,82),
 (831,50,82),
 (832,51,82),
 (833,52,82),
 (834,53,82),
 (835,54,82),
 (836,55,82),
 (837,56,82),
 (838,57,82),
 (839,58,82),
 (840,59,82),
 (841,60,82),
 (842,61,82),
 (843,62,82),
 (844,63,82),
 (879,63,84),
 (880,64,84),
 (881,65,84),
 (882,66,84),
 (883,67,84),
 (884,68,84),
 (885,69,84),
 (886,70,84),
 (887,71,84),
 (888,72,84),
 (889,73,84),
 (890,74,84),
 (891,75,84),
 (892,76,84),
 (893,77,84),
 (894,78,84),
 (895,79,84),
 (896,80,84),
 (897,81,84),
 (898,82,84),
 (899,83,84),
 (900,84,84),
 (901,85,84),
 (902,86,84),
 (903,87,84),
 (904,88,84),
 (905,30,85),
 (906,31,85),
 (907,32,85),
 (908,33,85),
 (909,34,85),
 (910,35,85),
 (911,36,85),
 (912,37,85),
 (913,38,85),
 (914,39,85),
 (915,40,85),
 (916,41,85),
 (917,42,85),
 (918,43,85),
 (919,44,85),
 (920,45,85),
 (921,46,85),
 (922,47,85),
 (923,48,85),
 (924,49,85),
 (925,50,85),
 (926,51,85),
 (927,52,85),
 (928,53,85),
 (929,54,85),
 (930,55,85),
 (931,56,85),
 (932,57,85),
 (933,58,85),
 (934,59,85),
 (935,60,85),
 (936,61,85),
 (937,62,85),
 (938,63,85),
 (939,62,86),
 (940,63,86),
 (941,64,86),
 (942,65,86),
 (943,66,86),
 (944,67,86),
 (945,68,86),
 (946,69,86),
 (947,70,86),
 (948,71,86),
 (949,72,86),
 (950,2,87),
 (951,3,87),
 (952,4,87),
 (953,5,87),
 (954,6,87),
 (955,7,87),
 (956,8,87),
 (957,9,87),
 (958,10,87),
 (959,11,87),
 (960,12,87),
 (961,13,87),
 (962,14,87),
 (963,15,87),
 (964,16,87),
 (965,17,87),
 (966,18,87),
 (967,19,87),
 (968,20,87),
 (969,21,87),
 (970,22,87),
 (971,23,87),
 (972,24,87),
 (973,25,87),
 (974,26,87),
 (975,27,87),
 (976,28,87),
 (977,29,87),
 (978,73,88),
 (979,74,88),
 (980,75,88),
 (981,76,88),
 (982,63,89),
 (983,64,89),
 (984,65,89),
 (985,66,89),
 (986,67,89),
 (987,68,89),
 (988,69,89),
 (989,70,89),
 (990,71,89),
 (991,72,89),
 (992,73,89),
 (993,74,89),
 (994,75,89),
 (995,76,89),
 (996,77,89),
 (997,78,89),
 (998,79,89),
 (999,80,89),
 (1000,81,89),
 (1001,82,89),
 (1002,83,89),
 (1003,84,89),
 (1004,85,89),
 (1005,86,89),
 (1006,87,89),
 (1007,88,89),
 (1008,89,89),
 (1009,90,89),
 (1010,2,90),
 (1011,3,90),
 (1012,4,90),
 (1013,5,90),
 (1014,6,90),
 (1015,7,90),
 (1016,8,90),
 (1017,9,90),
 (1018,10,90),
 (1019,11,90),
 (1020,12,90),
 (1021,13,90),
 (1022,14,90),
 (1023,15,90),
 (1024,16,90),
 (1025,0,91);
/*!40000 ALTER TABLE `calle` ENABLE KEYS */;


--
-- Definition of table `calle2`
--

DROP TABLE IF EXISTS `calle2`;
CREATE TABLE `calle2` (
  `calle_id` int(10) unsigned NOT NULL AUTO_INCREMENT,
  `calle_nro` text NOT NULL,
  PRIMARY KEY (`calle_id`)
) ENGINE=InnoDB AUTO_INCREMENT=590 DEFAULT CHARSET=utf8;

--
-- Dumping data for table `calle2`
--

/*!40000 ALTER TABLE `calle2` DISABLE KEYS */;
INSERT INTO `calle2` (`calle_id`,`calle_nro`) VALUES 
 (153,'98'),
 (154,'99'),
 (155,'100'),
 (156,'36'),
 (157,'37'),
 (158,'38'),
 (159,'39'),
 (160,'40'),
 (161,'41'),
 (162,'42'),
 (163,'43'),
 (164,'44'),
 (165,'45'),
 (166,'46'),
 (167,'47'),
 (168,'48'),
 (169,'49'),
 (170,'50'),
 (171,'51'),
 (172,'52'),
 (173,'53'),
 (174,'VIA 40'),
 (175,'45'),
 (176,'46'),
 (177,'47'),
 (178,'48'),
 (179,'49'),
 (180,'50'),
 (181,'51'),
 (182,'52'),
 (183,'53'),
 (184,'53D'),
 (185,'90'),
 (186,'91'),
 (187,'90'),
 (188,'91'),
 (189,'92'),
 (190,'93'),
 (191,'94'),
 (192,'95'),
 (193,'96'),
 (194,'97'),
 (195,'92'),
 (196,'93'),
 (197,'94'),
 (198,'95'),
 (199,'96'),
 (200,'97'),
 (201,'82'),
 (202,'83'),
 (203,'74'),
 (204,'75'),
 (205,'76'),
 (206,'77'),
 (207,'78'),
 (208,'79'),
 (209,'80'),
 (210,'81'),
 (211,'84'),
 (212,'85'),
 (213,'86'),
 (214,'87'),
 (215,'88'),
 (216,'89'),
 (217,'38'),
 (218,'39'),
 (219,'40'),
 (220,'41'),
 (221,'42'),
 (222,'43'),
 (223,'44'),
 (224,'20'),
 (225,'21'),
 (226,'22'),
 (227,'23'),
 (228,'24'),
 (229,'25'),
 (230,'26'),
 (231,'27'),
 (232,'28'),
 (233,'29'),
 (234,'30'),
 (235,'VIA 40'),
 (236,'37'),
 (237,'38'),
 (238,'39'),
 (239,'40'),
 (240,'72'),
 (241,'73'),
 (242,'74'),
 (243,'72'),
 (244,'73'),
 (245,'74'),
 (246,'75'),
 (247,'72A'),
 (248,'54'),
 (249,'55'),
 (250,'56'),
 (251,'57'),
 (252,'58'),
 (253,'59'),
 (254,'60'),
 (255,'61'),
 (256,'62'),
 (257,'63'),
 (258,'64'),
 (259,'65'),
 (260,'66'),
 (261,'67'),
 (262,'30'),
 (263,'31'),
 (264,'32'),
 (265,'33'),
 (266,'34'),
 (267,'35'),
 (268,'36'),
 (269,'62'),
 (270,'63'),
 (271,'45'),
 (272,'45B-1'),
 (273,'45B-2'),
 (274,'45B-3'),
 (275,'45B-4'),
 (276,'90'),
 (277,'91'),
 (278,'92'),
 (279,'93'),
 (280,'94'),
 (281,'95'),
 (282,'96'),
 (283,'97'),
 (284,'98'),
 (285,'99'),
 (286,'100'),
 (287,'84'),
 (288,'85'),
 (289,'86'),
 (290,'87'),
 (291,'88'),
 (292,'89'),
 (293,'90'),
 (294,'91'),
 (295,'92'),
 (296,'72'),
 (297,'73'),
 (298,'74'),
 (299,'75'),
 (300,'76'),
 (301,'77'),
 (302,'78'),
 (303,'72A'),
 (304,'72B'),
 (305,'72C'),
 (306,'DIAG 78'),
 (307,'DIAG 49'),
 (308,'51B'),
 (309,'52C'),
 (310,'30'),
 (311,'31'),
 (312,'32'),
 (313,'33'),
 (314,'34'),
 (315,'35'),
 (316,'36'),
 (317,'37'),
 (318,'47'),
 (319,'45D'),
 (320,'39'),
 (321,'40'),
 (322,'41'),
 (323,'42'),
 (324,'43'),
 (325,'44'),
 (326,'45'),
 (327,'46'),
 (328,'47'),
 (329,'48'),
 (330,'49'),
 (331,'74'),
 (332,'75'),
 (333,'76'),
 (334,'77'),
 (335,'78'),
 (336,'79'),
 (337,'80'),
 (338,'81'),
 (339,'83'),
 (340,'84'),
 (341,'85'),
 (342,'86'),
 (343,'87'),
 (344,'88'),
 (345,'89'),
 (346,'90'),
 (347,'91'),
 (348,'92'),
 (349,'93'),
 (350,'94'),
 (351,'95'),
 (352,'96'),
 (353,'97'),
 (354,'98'),
 (355,'45'),
 (356,'46'),
 (357,'47'),
 (358,'48'),
 (359,'49'),
 (360,'68'),
 (361,'69'),
 (362,'70'),
 (363,'71'),
 (364,'72'),
 (365,'73'),
 (366,'8'),
 (367,'9'),
 (368,'10'),
 (369,'11'),
 (370,'12'),
 (371,'13'),
 (372,'14'),
 (373,'15'),
 (374,'16'),
 (375,'17'),
 (376,'18'),
 (377,'19'),
 (378,'20'),
 (379,'21'),
 (380,'22'),
 (381,'23'),
 (382,'24'),
 (383,'25'),
 (384,'26'),
 (385,'27'),
 (386,'28'),
 (387,'29'),
 (388,'8'),
 (389,'9'),
 (390,'10'),
 (391,'11'),
 (392,'12'),
 (393,'13'),
 (394,'14'),
 (395,'15'),
 (396,'16'),
 (397,'17'),
 (398,'18'),
 (399,'19'),
 (400,'20'),
 (401,'21'),
 (402,'22'),
 (403,'23'),
 (404,'24'),
 (405,'25'),
 (406,'26'),
 (407,'27'),
 (408,'28'),
 (409,'29'),
 (410,'6'),
 (411,'7'),
 (412,'8'),
 (413,'9'),
 (414,'10'),
 (415,'11'),
 (416,'12'),
 (417,'13'),
 (418,'14'),
 (419,'15'),
 (420,'16'),
 (421,'17'),
 (422,'18'),
 (423,'19'),
 (424,'20'),
 (425,'21'),
 (426,'22'),
 (427,'23'),
 (428,'24'),
 (429,'25'),
 (430,'26'),
 (431,'27'),
 (432,'28'),
 (433,'29'),
 (434,'30'),
 (435,'31'),
 (436,'32'),
 (437,'33'),
 (438,'34'),
 (439,'35'),
 (440,'36'),
 (441,'37'),
 (442,'38'),
 (443,'39'),
 (444,'40'),
 (445,'41'),
 (446,'42'),
 (447,'43'),
 (448,'44'),
 (449,'45'),
 (450,'46'),
 (451,'47'),
 (452,'48'),
 (453,'49'),
 (454,'50'),
 (455,'51'),
 (456,'52'),
 (457,'53'),
 (458,'54'),
 (459,'55'),
 (460,'56'),
 (461,'57'),
 (462,'58'),
 (463,'59'),
 (464,'60'),
 (465,'61'),
 (466,'62'),
 (467,'63'),
 (468,'64'),
 (469,'65'),
 (470,'66'),
 (471,'67'),
 (472,'68'),
 (473,'69'),
 (474,'70'),
 (475,'71'),
 (476,'72'),
 (477,'73'),
 (478,'74'),
 (479,'75'),
 (480,'6'),
 (481,'7'),
 (482,'8'),
 (483,'9'),
 (484,'10'),
 (485,'11'),
 (486,'12'),
 (487,'13'),
 (488,'14'),
 (489,'15'),
 (490,'16'),
 (491,'17'),
 (492,'18'),
 (493,'19'),
 (494,'20'),
 (495,'21'),
 (496,'22'),
 (497,'23'),
 (498,'24'),
 (499,'25'),
 (500,'26'),
 (501,'27'),
 (502,'28'),
 (503,'29'),
 (504,'30'),
 (505,'31'),
 (506,'32'),
 (507,'33'),
 (508,'34'),
 (509,'35'),
 (510,'36'),
 (511,'37'),
 (512,'38'),
 (513,'39'),
 (514,'40'),
 (515,'41'),
 (516,'42'),
 (517,'43'),
 (518,'44'),
 (519,'45'),
 (520,'46'),
 (521,'47'),
 (522,'48'),
 (523,'49'),
 (524,'50'),
 (525,'51'),
 (526,'52'),
 (527,'53'),
 (528,'54'),
 (529,'55'),
 (530,'56'),
 (531,'57'),
 (532,'58'),
 (533,'59'),
 (534,'60'),
 (535,'61'),
 (536,'62'),
 (537,'63'),
 (538,'64'),
 (539,'65'),
 (540,'66'),
 (541,'67'),
 (542,'68'),
 (543,'69'),
 (544,'70'),
 (545,'71'),
 (546,'72'),
 (547,'73'),
 (548,'74'),
 (549,'75'),
 (550,'36'),
 (551,'37'),
 (552,'38'),
 (553,'39'),
 (554,'47'),
 (555,'48'),
 (556,'49'),
 (557,'50'),
 (558,'51'),
 (559,'52'),
 (560,'53'),
 (561,'53A'),
 (562,'53B'),
 (563,'53C'),
 (564,'79'),
 (565,'80'),
 (566,'81'),
 (567,'76'),
 (568,'77'),
 (569,'78'),
 (570,'3'),
 (571,'4'),
 (572,'5'),
 (573,'6'),
 (574,'7'),
 (575,'8'),
 (576,'9'),
 (577,'10'),
 (578,'79'),
 (579,'80'),
 (580,'81'),
 (581,'30'),
 (582,'31'),
 (583,'32'),
 (584,'33'),
 (585,'92'),
 (586,'93'),
 (587,'94'),
 (588,'95'),
 (589,'96');
/*!40000 ALTER TABLE `calle2` ENABLE KEYS */;


--
-- Definition of table `carrera`
--

DROP TABLE IF EXISTS `carrera`;
CREATE TABLE `carrera` (
  `carrera_id` int(10) unsigned NOT NULL AUTO_INCREMENT,
  `carrera_nro` int(10) unsigned NOT NULL,
  `zona_id` int(10) unsigned NOT NULL,
  PRIMARY KEY (`carrera_id`),
  KEY `FK_carrera_1` (`zona_id`),
  CONSTRAINT `FK_carrera_1` FOREIGN KEY (`zona_id`) REFERENCES `zona` (`zona_id`) ON DELETE CASCADE ON UPDATE CASCADE
) ENGINE=InnoDB AUTO_INCREMENT=688 DEFAULT CHARSET=utf8;

--
-- Dumping data for table `carrera`
--

/*!40000 ALTER TABLE `carrera` DISABLE KEYS */;
INSERT INTO `carrera` (`carrera_id`,`carrera_nro`,`zona_id`) VALUES 
 (9,52,34),
 (10,53,34),
 (11,54,34),
 (12,55,34),
 (13,56,34),
 (14,57,34),
 (15,58,34),
 (16,59,34),
 (17,60,34),
 (18,61,34),
 (19,62,34),
 (20,63,34),
 (21,64,34),
 (22,65,34),
 (23,66,34),
 (24,67,34),
 (25,68,34),
 (26,69,34),
 (27,70,34),
 (28,71,34),
 (29,72,34),
 (30,73,34),
 (31,74,34),
 (32,75,34),
 (33,76,34),
 (34,77,34),
 (35,78,34),
 (36,79,34),
 (37,80,34),
 (38,81,34),
 (39,82,34),
 (40,83,34),
 (41,84,34),
 (42,85,34),
 (43,86,34),
 (44,87,34),
 (45,88,34),
 (46,89,34),
 (47,90,34),
 (48,46,35),
 (49,47,35),
 (50,48,35),
 (51,49,35),
 (52,50,35),
 (53,17,36),
 (54,18,36),
 (55,19,36),
 (56,20,36),
 (57,21,36),
 (58,22,36),
 (59,23,36),
 (60,24,36),
 (61,25,36),
 (62,26,36),
 (72,0,46),
 (73,51,47),
 (74,52,47),
 (75,53,47),
 (76,54,47),
 (77,55,47),
 (78,56,47),
 (79,57,47),
 (80,58,47),
 (81,59,47),
 (82,60,47),
 (83,61,47),
 (84,62,47),
 (85,63,47),
 (86,64,47),
 (87,65,47),
 (88,66,47),
 (89,67,47),
 (90,68,47),
 (91,69,47),
 (92,70,47),
 (93,71,47),
 (94,72,47),
 (95,73,47),
 (96,74,47),
 (97,75,47),
 (98,76,47),
 (99,77,47),
 (100,78,47),
 (101,79,47),
 (102,80,47),
 (103,46,48),
 (104,47,48),
 (105,48,48),
 (106,49,48),
 (107,50,48),
 (108,42,49),
 (109,43,49),
 (110,44,49),
 (111,45,49),
 (112,42,50),
 (113,43,50),
 (114,44,50),
 (115,45,50),
 (116,46,50),
 (117,47,50),
 (118,48,50),
 (119,49,50),
 (120,50,50),
 (121,42,51),
 (122,43,51),
 (123,44,51),
 (124,45,51),
 (125,46,51),
 (126,47,51),
 (127,48,51),
 (128,49,51),
 (129,50,51),
 (130,58,52),
 (131,59,52),
 (132,60,52),
 (133,61,52),
 (134,62,52),
 (135,63,52),
 (136,64,52),
 (137,65,52),
 (138,66,52),
 (139,67,52),
 (140,68,52),
 (141,69,52),
 (142,70,52),
 (143,71,52),
 (144,72,52),
 (145,73,52),
 (146,74,52),
 (147,75,52),
 (148,76,52),
 (149,77,52),
 (150,78,52),
 (151,79,52),
 (152,80,52),
 (153,51,53),
 (154,52,53),
 (155,53,53),
 (156,54,53),
 (157,55,53),
 (158,56,53),
 (159,57,53),
 (160,39,55),
 (161,40,55),
 (162,41,55),
 (163,42,55),
 (164,43,55),
 (165,44,55),
 (166,45,55),
 (167,46,55),
 (168,47,55),
 (169,48,55),
 (170,49,55),
 (171,50,55),
 (172,39,56),
 (173,40,56),
 (174,41,56),
 (175,42,56),
 (176,43,56),
 (177,44,56),
 (178,45,56),
 (179,46,56),
 (180,47,56),
 (181,48,56),
 (182,49,56),
 (183,50,56),
 (184,51,56),
 (185,52,56),
 (186,53,56),
 (187,54,56),
 (188,55,56),
 (189,56,56),
 (190,57,56),
 (191,58,56),
 (192,59,56),
 (193,60,56),
 (194,61,56),
 (195,62,56),
 (196,63,56),
 (197,64,56),
 (198,65,56),
 (199,66,56),
 (200,67,56),
 (201,68,56),
 (202,69,56),
 (203,70,56),
 (204,71,56),
 (205,72,56),
 (206,73,56),
 (207,74,56),
 (208,75,56),
 (209,76,56),
 (210,77,56),
 (211,78,56),
 (212,79,56),
 (213,80,56),
 (214,81,56),
 (215,82,56),
 (216,27,57),
 (217,28,57),
 (218,29,57),
 (219,30,57),
 (220,31,57),
 (221,32,57),
 (222,33,57),
 (223,34,57),
 (224,35,57),
 (225,36,57),
 (226,37,57),
 (227,38,57),
 (228,27,59),
 (229,28,59),
 (230,29,59),
 (231,30,59),
 (232,31,59),
 (233,32,59),
 (234,33,59),
 (235,34,59),
 (236,35,59),
 (237,36,59),
 (238,37,59),
 (239,38,59),
 (240,39,59),
 (241,40,59),
 (242,41,59),
 (243,27,60),
 (244,28,60),
 (245,29,60),
 (246,30,60),
 (247,31,60),
 (248,32,60),
 (249,33,60),
 (250,34,60),
 (251,35,60),
 (252,36,60),
 (253,37,60),
 (254,38,60),
 (255,39,60),
 (256,40,60),
 (257,41,60),
 (258,18,61),
 (259,19,61),
 (260,20,61),
 (261,21,61),
 (262,22,61),
 (263,23,61),
 (264,24,61),
 (265,25,61),
 (266,26,61),
 (267,12,62),
 (268,13,62),
 (269,14,62),
 (270,15,62),
 (271,16,62),
 (272,17,62),
 (273,18,62),
 (274,19,62),
 (275,20,62),
 (276,21,62),
 (277,22,62),
 (278,23,62),
 (279,24,62),
 (280,25,62),
 (281,26,62),
 (282,12,63),
 (283,13,63),
 (284,14,63),
 (285,15,63),
 (286,16,63),
 (287,17,63),
 (288,18,63),
 (289,19,63),
 (290,20,63),
 (291,21,63),
 (292,22,63),
 (293,23,63),
 (294,24,63),
 (295,25,63),
 (296,26,63),
 (297,10,64),
 (298,11,64),
 (299,12,64),
 (300,13,64),
 (301,14,64),
 (302,15,64),
 (303,16,64),
 (304,17,64),
 (305,18,64),
 (306,19,64),
 (307,20,64),
 (308,21,64),
 (309,22,64),
 (310,23,64),
 (311,24,64),
 (312,25,64),
 (313,26,64),
 (314,27,64),
 (315,28,64),
 (316,29,64),
 (317,30,64),
 (318,31,64),
 (319,32,64),
 (320,33,64),
 (321,34,64),
 (322,35,64),
 (323,36,64),
 (324,37,64),
 (325,38,64),
 (326,12,65),
 (327,13,65),
 (328,14,65),
 (329,15,65),
 (330,16,65),
 (331,17,65),
 (332,6,66),
 (333,7,66),
 (334,8,66),
 (335,9,66),
 (336,10,66),
 (337,11,66),
 (338,6,67),
 (339,7,67),
 (340,8,67),
 (341,9,67),
 (342,10,67),
 (343,11,67),
 (358,3,69),
 (359,4,69),
 (360,5,69),
 (361,6,69),
 (362,7,69),
 (363,8,69),
 (364,9,69),
 (365,10,69),
 (366,11,69),
 (367,12,69),
 (368,13,69),
 (369,14,69),
 (370,15,69),
 (371,16,69),
 (386,3,71),
 (387,4,71),
 (388,5,71),
 (389,6,71),
 (390,7,71),
 (391,8,71),
 (392,9,71),
 (393,10,71),
 (394,11,71),
 (395,12,71),
 (396,13,71),
 (397,14,71),
 (398,15,71),
 (399,16,71),
 (400,17,72),
 (401,18,72),
 (402,19,72),
 (403,20,72),
 (404,21,72),
 (405,22,72),
 (406,23,72),
 (407,24,72),
 (408,25,72),
 (409,26,72),
 (410,1,73),
 (411,2,73),
 (412,1,74),
 (413,2,74),
 (414,3,74),
 (415,4,74),
 (416,5,74),
 (417,1,75),
 (418,2,75),
 (419,3,75),
 (420,4,75),
 (421,5,75),
 (422,1,76),
 (423,2,76),
 (424,3,76),
 (425,4,76),
 (426,5,76),
 (427,6,76),
 (428,7,76),
 (429,8,76),
 (430,9,76),
 (431,10,76),
 (432,11,76),
 (433,12,76),
 (434,13,76),
 (435,8,77),
 (436,9,77),
 (437,10,77),
 (438,11,77),
 (439,12,77),
 (440,13,77),
 (441,14,77),
 (442,15,77),
 (443,16,77),
 (444,17,77),
 (445,18,77),
 (446,19,77),
 (447,20,77),
 (448,21,77),
 (449,22,77),
 (450,23,77),
 (451,24,77),
 (452,25,77),
 (453,26,77),
 (454,1,78),
 (455,2,78),
 (456,3,78),
 (457,4,78),
 (458,5,78),
 (459,6,78),
 (460,7,78),
 (461,24,79),
 (462,25,79),
 (463,26,79),
 (464,27,79),
 (465,28,79),
 (466,29,79),
 (467,30,79),
 (468,31,79),
 (469,32,79),
 (470,33,79),
 (471,34,79),
 (472,35,79),
 (473,36,79),
 (474,37,79),
 (475,38,79),
 (476,39,79),
 (477,40,79),
 (478,41,79),
 (479,42,79),
 (480,43,79),
 (481,44,79),
 (482,45,79),
 (483,46,79),
 (484,47,79),
 (485,48,79),
 (486,49,79),
 (487,50,79),
 (488,51,79),
 (489,52,79),
 (490,1,80),
 (491,2,80),
 (492,3,80),
 (493,4,80),
 (494,5,80),
 (495,6,80),
 (496,7,80),
 (497,8,80),
 (498,9,80),
 (499,10,80),
 (500,11,80),
 (501,12,80),
 (502,13,80),
 (503,14,80),
 (504,15,80),
 (505,16,80),
 (506,17,80),
 (507,18,80),
 (508,19,80),
 (509,20,80),
 (510,21,80),
 (511,22,80),
 (512,23,80),
 (513,14,81),
 (514,15,81),
 (515,16,81),
 (516,17,81),
 (517,18,81),
 (518,19,81),
 (519,20,81),
 (520,21,81),
 (521,22,81),
 (522,23,81),
 (523,24,81),
 (524,25,81),
 (525,26,81),
 (526,27,81),
 (527,28,81),
 (528,29,81),
 (529,30,81),
 (530,31,81),
 (531,32,81),
 (532,33,81),
 (533,34,81),
 (534,35,81),
 (535,36,81),
 (536,37,81),
 (537,38,81),
 (538,39,81),
 (539,40,81),
 (540,41,81),
 (541,42,81),
 (542,43,81),
 (543,44,81),
 (544,45,81),
 (545,46,81),
 (546,47,81),
 (547,48,81),
 (548,49,81),
 (549,50,81),
 (550,8,82),
 (551,9,82),
 (552,10,82),
 (553,11,82),
 (554,12,82),
 (555,13,82),
 (556,14,84),
 (557,15,84),
 (558,16,84),
 (559,17,84),
 (560,18,84),
 (561,19,84),
 (562,20,84),
 (563,21,84),
 (564,22,84),
 (565,23,84),
 (566,24,84),
 (567,25,84),
 (568,26,84),
 (569,27,84),
 (570,28,84),
 (571,29,84),
 (572,30,84),
 (573,31,84),
 (574,32,84),
 (575,33,84),
 (576,34,84),
 (577,35,84),
 (578,36,84),
 (579,37,84),
 (580,38,84),
 (581,39,84),
 (582,40,84),
 (583,41,84),
 (584,42,84),
 (585,43,84),
 (586,44,84),
 (587,45,84),
 (588,46,84),
 (589,47,84),
 (590,48,84),
 (591,49,84),
 (592,50,84),
 (593,1,85),
 (594,2,85),
 (595,3,85),
 (596,4,85),
 (597,5,85),
 (598,6,85),
 (599,7,85),
 (600,51,86),
 (601,52,86),
 (602,53,86),
 (603,54,86),
 (604,55,86),
 (605,56,86),
 (606,57,86),
 (607,58,86),
 (608,59,86),
 (609,60,86),
 (610,61,86),
 (611,62,86),
 (612,63,86),
 (613,64,86),
 (614,65,86),
 (615,66,86),
 (616,67,86),
 (617,68,86),
 (618,69,86),
 (619,70,86),
 (620,71,86),
 (621,72,86),
 (622,73,86),
 (623,74,86),
 (624,75,86),
 (625,76,86),
 (626,77,86),
 (627,78,86),
 (628,79,86),
 (629,80,86),
 (630,81,86),
 (631,82,86),
 (632,39,87),
 (633,40,87),
 (634,41,87),
 (635,42,87),
 (636,43,87),
 (637,44,87),
 (638,45,87),
 (639,46,87),
 (640,7,88),
 (641,8,88),
 (642,9,88),
 (643,10,88),
 (644,11,88),
 (645,12,88),
 (646,13,88),
 (647,14,88),
 (648,1,89),
 (649,2,89),
 (650,3,89),
 (651,4,89),
 (652,5,89),
 (653,6,89),
 (654,7,89),
 (655,7,90),
 (656,8,90),
 (657,9,90),
 (658,10,90),
 (659,11,90),
 (660,12,90),
 (661,13,90),
 (662,14,90),
 (663,15,90),
 (664,16,90),
 (665,17,90),
 (666,18,90),
 (667,19,90),
 (668,20,90),
 (669,21,90),
 (670,22,90),
 (671,23,90),
 (672,24,90),
 (673,25,90),
 (674,26,90),
 (675,27,90),
 (676,28,90),
 (677,29,90),
 (678,30,90),
 (679,31,90),
 (680,32,90),
 (681,33,90),
 (682,34,90),
 (683,35,90),
 (684,36,90),
 (685,37,90),
 (686,38,90),
 (687,0,91);
/*!40000 ALTER TABLE `carrera` ENABLE KEYS */;


--
-- Definition of table `carrera2`
--

DROP TABLE IF EXISTS `carrera2`;
CREATE TABLE `carrera2` (
  `carrera_id` int(10) unsigned NOT NULL AUTO_INCREMENT,
  `carrera_nro` text NOT NULL,
  PRIMARY KEY (`carrera_id`)
) ENGINE=InnoDB AUTO_INCREMENT=348 DEFAULT CHARSET=utf8;

--
-- Dumping data for table `carrera2`
--

/*!40000 ALTER TABLE `carrera2` DISABLE KEYS */;
INSERT INTO `carrera2` (`carrera_id`,`carrera_nro`) VALUES 
 (113,'9'),
 (114,'10'),
 (115,'11'),
 (116,'12'),
 (117,'9G'),
 (118,'46'),
 (119,'47'),
 (120,'48'),
 (121,'49'),
 (122,'50'),
 (123,'51'),
 (124,'52'),
 (125,'53'),
 (126,'54'),
 (127,'21'),
 (128,'22'),
 (129,'23'),
 (130,'46'),
 (131,'47'),
 (132,'48'),
 (133,'49'),
 (134,'50'),
 (135,'51'),
 (136,'53'),
 (137,'54'),
 (138,'55'),
 (139,'56'),
 (140,'57'),
 (141,'58'),
 (142,'59'),
 (143,'60'),
 (144,'61'),
 (145,'62'),
 (146,'63'),
 (147,'64'),
 (148,'65'),
 (149,'51'),
 (150,'52'),
 (151,'51B'),
 (152,'52D'),
 (153,'53'),
 (154,'54'),
 (155,'55'),
 (156,'56'),
 (157,'57'),
 (158,'58'),
 (159,'59'),
 (160,'59C'),
 (161,'47'),
 (162,'48'),
 (163,'49'),
 (164,'50'),
 (165,'51'),
 (166,'53'),
 (167,'54'),
 (168,'55'),
 (169,'56'),
 (170,'57'),
 (171,'58'),
 (172,'59'),
 (173,'60'),
 (174,'61'),
 (175,'62'),
 (176,'63'),
 (177,'64'),
 (178,'65'),
 (179,'26'),
 (180,'27'),
 (181,'28'),
 (182,'29'),
 (183,'46'),
 (184,'47'),
 (185,'48'),
 (186,'49'),
 (187,'50'),
 (188,'51'),
 (189,'1'),
 (190,'2'),
 (191,'62'),
 (192,'63'),
 (193,'64'),
 (194,'65'),
 (195,'66'),
 (196,'67'),
 (197,'68'),
 (198,'69'),
 (199,'70'),
 (200,'71'),
 (201,'72'),
 (202,'73'),
 (203,'74'),
 (204,'75'),
 (205,'76'),
 (206,'38'),
 (207,'39'),
 (208,'40'),
 (209,'41'),
 (210,'43'),
 (211,'44'),
 (212,'45'),
 (213,'46'),
 (214,'47'),
 (215,'48'),
 (216,'49'),
 (217,'50'),
 (218,'19'),
 (219,'20'),
 (220,'21'),
 (221,'22'),
 (222,'23'),
 (223,'14'),
 (224,'15'),
 (225,'16'),
 (226,'17'),
 (227,'18'),
 (228,'19'),
 (229,'20'),
 (230,'21'),
 (231,'14A'),
 (232,'4A'),
 (233,'7A'),
 (234,'7B'),
 (235,'7C'),
 (236,'6'),
 (237,'7'),
 (238,'38'),
 (239,'39'),
 (240,'40'),
 (241,'41'),
 (242,'41J'),
 (243,'23'),
 (244,'24'),
 (245,'25'),
 (246,'23A'),
 (247,'1A'),
 (248,'4C'),
 (249,'2F'),
 (250,'38'),
 (251,'39'),
 (252,'40'),
 (253,'41'),
 (254,'42'),
 (255,'43'),
 (256,'44'),
 (257,'45'),
 (258,'46'),
 (259,'14'),
 (260,'15'),
 (261,'16'),
 (262,'17'),
 (263,'18'),
 (264,'19'),
 (265,'30'),
 (266,'31'),
 (267,'32'),
 (268,'33'),
 (269,'34'),
 (270,'35'),
 (271,'36'),
 (272,'37'),
 (273,'41'),
 (274,'42'),
 (275,'41F'),
 (276,'42H'),
 (277,'13A'),
 (278,'14'),
 (279,'DIAG 49'),
 (280,'14 SUR'),
 (281,'9 SUR'),
 (282,'47'),
 (283,'48'),
 (284,'49'),
 (285,'50'),
 (286,'38'),
 (287,'39'),
 (288,'40'),
 (289,'41'),
 (290,'DIAG 64B'),
 (291,'56'),
 (292,''),
 (293,'8'),
 (294,'9'),
 (295,'10'),
 (296,'16'),
 (297,'17'),
 (298,'18'),
 (299,'19'),
 (300,'20'),
 (301,'21'),
 (302,'76'),
 (303,'77'),
 (304,'78'),
 (305,'79'),
 (306,'80'),
 (307,'81'),
 (308,'82'),
 (309,'76'),
 (310,'77'),
 (311,'78'),
 (312,'79'),
 (313,'80'),
 (314,'81'),
 (315,'82'),
 (316,'53'),
 (317,'54'),
 (318,'55'),
 (319,'56'),
 (320,'57'),
 (321,'58'),
 (322,'59'),
 (323,'59B'),
 (324,'2'),
 (325,'3'),
 (326,'4'),
 (327,'5'),
 (328,'6'),
 (329,'7'),
 (330,'8'),
 (331,'55'),
 (332,'56'),
 (333,'57'),
 (334,'58'),
 (335,'59'),
 (336,'59C'),
 (337,'59A'),
 (338,'59B'),
 (339,'5C'),
 (340,'6'),
 (341,'6A'),
 (342,'46'),
 (343,'47'),
 (344,'48'),
 (345,'49'),
 (346,'50'),
 (347,'51');
/*!40000 ALTER TABLE `carrera2` ENABLE KEYS */;


--
-- Definition of table `conductor`
--

DROP TABLE IF EXISTS `conductor`;
CREATE TABLE `conductor` (
  `conductor_id` int(10) unsigned NOT NULL AUTO_INCREMENT,
  `conductor_nombre` varchar(45) NOT NULL,
  `conductor_apellido` varchar(45) NOT NULL,
  `conductor_movil` varchar(45) NOT NULL,
  `conductor_cel` varchar(45) NOT NULL,
  `conductor_direccion` varchar(45) NOT NULL,
  PRIMARY KEY (`conductor_id`),
  UNIQUE KEY `Index_2` (`conductor_movil`)
) ENGINE=InnoDB AUTO_INCREMENT=8 DEFAULT CHARSET=utf8;

--
-- Dumping data for table `conductor`
--

/*!40000 ALTER TABLE `conductor` DISABLE KEYS */;
INSERT INTO `conductor` (`conductor_id`,`conductor_nombre`,`conductor_apellido`,`conductor_movil`,`conductor_cel`,`conductor_direccion`) VALUES 
 (1,'Eder','Viloria','050','301250','Carrera 50 '),
 (4,'Camilo','Torres','065','148','call9'),
 (7,'Luis ','Berrocal','01','3013669767','calle 52 c #9 d - 119');
/*!40000 ALTER TABLE `conductor` ENABLE KEYS */;


--
-- Definition of table `pueblo`
--

DROP TABLE IF EXISTS `pueblo`;
CREATE TABLE `pueblo` (
  `pueblo_id` int(10) unsigned NOT NULL AUTO_INCREMENT,
  `pueblo_nombre` varchar(45) NOT NULL,
  `pueblo_precio` double NOT NULL,
  PRIMARY KEY (`pueblo_id`),
  UNIQUE KEY `Index_2` (`pueblo_nombre`)
) ENGINE=InnoDB AUTO_INCREMENT=36 DEFAULT CHARSET=utf8;

--
-- Dumping data for table `pueblo`
--

/*!40000 ALTER TABLE `pueblo` DISABLE KEYS */;
INSERT INTO `pueblo` (`pueblo_id`,`pueblo_nombre`,`pueblo_precio`) VALUES 
 (1,'Aeropuerto',25000),
 (2,'La Playa',10000),
 (3,'Pradomar',15000),
 (4,'Puerto Colombia',16000),
 (5,'Galapa',15000),
 (6,'Baranoa',70000),
 (7,'Cartagena',150000),
 (8,'Ciénaga',130000),
 (9,'Fundación',180000),
 (13,'Malambo',23000),
 (16,'Polo Nuevo',15000),
 (17,'Sabana Grande',35000),
 (18,'Sabana larga',80000),
 (19,'Santa Verónica',70000),
 (20,'Santa Marta',150000),
 (21,'Terminal Marítmo',12000),
 (22,'Terminal de Transporte',15000),
 (23,'Turbaco',180000),
 (24,'Tubará',40000),
 (25,'Rioacha',300000),
 (26,'Maicao',350000),
 (27,'Caño Dulce',60000),
 (28,'Ponedera',60000),
 (30,'Palmar',60000),
 (31,'Santo Tomás',35000),
 (32,'Campo de La Cruz',80000),
 (33,'Candelaria',90000),
 (34,'Calamar',100000),
 (35,'Lomita Arena',100000);
/*!40000 ALTER TABLE `pueblo` ENABLE KEYS */;


--
-- Definition of table `servicio`
--

DROP TABLE IF EXISTS `servicio`;
CREATE TABLE `servicio` (
  `servicio_id` int(10) unsigned NOT NULL AUTO_INCREMENT,
  `zona_pub_id` varchar(20) NOT NULL,
  `fecha` datetime NOT NULL,
  `cupo` int(10) unsigned NOT NULL,
  `conductor_id` int(10) unsigned NOT NULL,
  `direccion` varchar(45) NOT NULL,
  `precio` double NOT NULL,
  `barrio_id` int(10) unsigned NOT NULL,
  PRIMARY KEY (`servicio_id`),
  KEY `FK_servicio_1` (`conductor_id`),
  KEY `FK_servicio_2` (`barrio_id`),
  CONSTRAINT `FK_servicio_2` FOREIGN KEY (`barrio_id`) REFERENCES `barrio2` (`barrio_id`) ON DELETE CASCADE ON UPDATE CASCADE,
  CONSTRAINT `FK_servicio_1` FOREIGN KEY (`conductor_id`) REFERENCES `conductor` (`conductor_id`) ON DELETE CASCADE ON UPDATE CASCADE
) ENGINE=InnoDB AUTO_INCREMENT=17 DEFAULT CHARSET=utf8;

--
-- Dumping data for table `servicio`
--

/*!40000 ALTER TABLE `servicio` DISABLE KEYS */;
/*!40000 ALTER TABLE `servicio` ENABLE KEYS */;


--
-- Definition of table `usuario`
--

DROP TABLE IF EXISTS `usuario`;
CREATE TABLE `usuario` (
  `usuario_id` int(10) unsigned NOT NULL AUTO_INCREMENT,
  `usuario_nombre` varchar(45) NOT NULL,
  `usuario_apellido` varchar(45) NOT NULL,
  `usuario_password` varchar(45) NOT NULL,
  `usuario_email` varchar(150) NOT NULL,
  `usuario_telefono` varchar(45) NOT NULL,
  `usuario_nick` varchar(45) NOT NULL,
  `usuario_type` int(10) unsigned NOT NULL,
  PRIMARY KEY (`usuario_id`),
  UNIQUE KEY `Index_2` (`usuario_nick`),
  UNIQUE KEY `Index_3` (`usuario_email`)
) ENGINE=InnoDB AUTO_INCREMENT=2 DEFAULT CHARSET=utf8;

--
-- Dumping data for table `usuario`
--

/*!40000 ALTER TABLE `usuario` DISABLE KEYS */;
INSERT INTO `usuario` (`usuario_id`,`usuario_nombre`,`usuario_apellido`,`usuario_password`,`usuario_email`,`usuario_telefono`,`usuario_nick`,`usuario_type`) VALUES 
 (1,'Jailton','Yanes','81dc9bdb52d04dc20036dbd8313ed055','jailtonyanesromero@gmail.com','3624483','yanesj',1);
/*!40000 ALTER TABLE `usuario` ENABLE KEYS */;


--
-- Definition of table `zona`
--

DROP TABLE IF EXISTS `zona`;
CREATE TABLE `zona` (
  `zona_id` int(10) unsigned NOT NULL AUTO_INCREMENT,
  `zona_municipio` varchar(45) NOT NULL,
  `zona_calle_ini` int(10) unsigned NOT NULL,
  `zona_calle_fin` int(10) unsigned NOT NULL,
  `zona_carrera_ini` int(10) unsigned NOT NULL,
  `zona_carrera_fin` int(10) unsigned NOT NULL,
  `zona_nombre` varchar(45) NOT NULL,
  PRIMARY KEY (`zona_id`),
  UNIQUE KEY `Index_3` (`zona_nombre`),
  KEY `Index_2` (`zona_nombre`)
) ENGINE=InnoDB AUTO_INCREMENT=92 DEFAULT CHARSET=utf8;

--
-- Dumping data for table `zona`
--

/*!40000 ALTER TABLE `zona` DISABLE KEYS */;
INSERT INTO `zona` (`zona_id`,`zona_municipio`,`zona_calle_ini`,`zona_calle_fin`,`zona_carrera_ini`,`zona_carrera_fin`,`zona_nombre`) VALUES 
 (34,'1',85,120,52,90,'0'),
 (35,'1',93,109,46,50,'1'),
 (36,'1',45,63,17,26,'9b'),
 (46,'3',0,0,0,0,'Pueblos'),
 (47,'1',80,109,51,80,'2'),
 (48,'1',84,92,46,50,'3a'),
 (49,'1',84,109,42,45,'3b'),
 (50,'1',77,83,42,50,'4a'),
 (51,'1',64,76,42,50,'4c'),
 (52,'1',77,79,58,80,'5a'),
 (53,'1',77,79,51,57,'5b'),
 (55,'1',58,63,39,50,'7'),
 (56,'1',30,57,39,82,'8'),
 (57,'1',17,37,27,38,'10'),
 (59,'1',81,110,27,41,'10a'),
 (60,'1',64,73,27,41,'11'),
 (61,'1',64,80,18,26,'12'),
 (62,'1',81,86,12,26,'13'),
 (63,'1',87,109,12,26,'14a'),
 (64,'1',110,123,10,38,'14b'),
 (65,'1',57,80,12,17,'15'),
 (66,'1',81,109,6,11,'16a'),
 (67,'1',56,80,6,11,'16b'),
 (69,'1',30,44,3,16,'18'),
 (71,'1',45,56,3,16,'17'),
 (72,'1',30,44,17,26,'19'),
 (73,'1',30,44,1,2,'20b'),
 (74,'1',81,109,1,5,'21a'),
 (75,'1',50,80,1,5,'21b'),
 (76,'1',50,109,1,13,'22c'),
 (77,'1',17,29,8,26,'22'),
 (78,'1',2,29,1,7,'23'),
 (79,'2',1,30,24,52,'24a'),
 (80,'2',1,30,1,23,'24b'),
 (81,'2',30,63,14,50,'25a'),
 (82,'2',30,63,8,13,'25b'),
 (84,'2',63,88,14,50,'26a'),
 (85,'2',30,63,1,7,'25c'),
 (86,'1',62,72,51,82,'6'),
 (87,'1',2,29,39,46,'10b'),
 (88,'2',73,76,7,14,'26b'),
 (89,'2',63,90,1,7,'26c'),
 (90,'2',2,16,7,38,'27'),
 (91,'1',1000,1000,1000,1000,'28');
/*!40000 ALTER TABLE `zona` ENABLE KEYS */;


--
-- Definition of procedure `calles`
--

DROP PROCEDURE IF EXISTS `calles`;

DELIMITER $$

/*!50003 SET @TEMP_SQL_MODE=@@SQL_MODE, SQL_MODE='' */ $$
CREATE DEFINER=`root`@`%` PROCEDURE `calles`(in ini text, in barrio integer)
BEGIN

     declare pivote integer;

    insert into calle2(calle_nro)values(ini);
    set pivote = last_insert_id();
    insert into barrio_calle(barrio_id,calle_id)values(barrio,pivote);
END $$
/*!50003 SET SESSION SQL_MODE=@TEMP_SQL_MODE */  $$

DELIMITER ;

--
-- Definition of procedure `carreras`
--

DROP PROCEDURE IF EXISTS `carreras`;

DELIMITER $$

/*!50003 SET @TEMP_SQL_MODE=@@SQL_MODE, SQL_MODE='' */ $$
CREATE DEFINER=`root`@`%` PROCEDURE `carreras`(in ini text, in barrio integer)
BEGIN

  declare pivote integer;

    insert into carrera2(carrera_nro)values(ini);
    set pivote = last_insert_id();
    insert into barrio_carrera(barrio_id,carrera_id)values(barrio,pivote);
END $$
/*!50003 SET SESSION SQL_MODE=@TEMP_SQL_MODE */  $$

DELIMITER ;

--
-- Definition of procedure `llena_barrios`
--

DROP PROCEDURE IF EXISTS `llena_barrios`;

DELIMITER $$

/*!50003 SET @TEMP_SQL_MODE=@@SQL_MODE, SQL_MODE='' */ $$
CREATE DEFINER=`root`@`%` PROCEDURE `llena_barrios`(in nombre varchar(100), in precio double, in municipio integer )
BEGIN
   insert into barrio2 (barrio_nombre,barrio_precio,municipio_id)values(nombre,precio,municipio);
END $$
/*!50003 SET SESSION SQL_MODE=@TEMP_SQL_MODE */  $$

DELIMITER ;



/*!40101 SET SQL_MODE=@OLD_SQL_MODE */;
/*!40014 SET FOREIGN_KEY_CHECKS=@OLD_FOREIGN_KEY_CHECKS */;
/*!40014 SET UNIQUE_CHECKS=@OLD_UNIQUE_CHECKS */;
/*!40101 SET CHARACTER_SET_CLIENT=@OLD_CHARACTER_SET_CLIENT */;
/*!40101 SET CHARACTER_SET_RESULTS=@OLD_CHARACTER_SET_RESULTS */;
/*!40101 SET COLLATION_CONNECTION=@OLD_COLLATION_CONNECTION */;
/*!40101 SET CHARACTER_SET_CLIENT=@OLD_CHARACTER_SET_CLIENT */;
